,count,mean,std,min,25%,50%,75%,max
close,278828,413.66,105.15,249.46,312.54,415.14,497.53,636.08
ema_5,278828,413.65,105.15,249.91,312.52,415.17,497.57,635.93
ema_10,278828,413.65,105.15,250.43,312.52,415.25,497.53,635.77
ema_20,278828,413.65,105.15,251.49,312.5,415.29,497.49,635.49
ema_diff,278828,0.0054,0.4957,-9.8044,-0.1797,0.0214,0.2029,11.4566
return_5,278828,9e-06,0.00188,-0.03,-0.000661,3.5e-05,0.000697,0.03
return_15,278828,2.7e-05,0.003212,-0.03,-0.001155,9.1e-05,0.00127,0.03
return_30,278828,5.2e-05,0.004523,-0.03,-0.001676,0.000164,0.001884,0.03
realized_vol_10,278828,0.000608,0.000619,2.3e-05,0.000315,0.000461,0.000685,0.017427
volume_norm,278828,1.001984,0.997295,0.05,0.35161,0.674625,1.258242,5.0
vwap_norm,278828,1.0,0.0003,0.9815,0.9999,1.0,1.0001,1.0069
volume_acceleration,278828,2e-06,1.70129,-33.972282,-0.485751,0.003805,0.499908,29.857844
volume_spike,278828,0.120612,0.325676,0.0,0.0,0.0,0.0,1.0
volume_return_alignment,278828,0.000912,0.029827,-0.03,-0.03,0.03,0.03,0.03
bid_ask_spread_proxy,278828,0.0004,0.0005,0.0,0.0001,0.0003,0.0006,0.0299
efficiency_ratio,278828,0.6031,0.391,0.0,0.3125,0.5882,0.8431,14.0667
overextended_up,278828,0.0106,0.1025,0.0,0.0,0.0,0.0,1.0
overextended_down,278828,0.0111,0.1049,0.0,0.0,0.0,0.0,1.0
rsi_proxy,278828,32.1666,33.9265,0.0,0.0,24.9365,52.9415,100.0
high_vol_regime,278828,0.19752,0.398128,0.0,0.0,0.0,0.0,1.0
minute_of_day,278828,1018.6514,121.9546,810.0,913.0,1013.0,1126.0,1259.0
is_15_30_16_00,278828,0.0776,0.2675,0.0,0.0,0.0,0.0,1.0
NVDA_ema_5,278828,80.8,58.29,10.89,24.07,61.21,131.94,211.52
NVDA_ema_10,278828,80.8,58.29,10.95,24.07,61.21,131.94,211.22
NVDA_ema_20,278828,80.8,58.29,11.04,24.06,61.19,131.94,210.96
NVDA_ema_slope,278828,0.0041,0.2445,-7.2154,-0.0542,0.0036,0.0629,4.2991
NVDA_return_5,278828,3.5e-05,0.00396,-0.03,-0.001546,0.0,0.001634,0.03
NVDA_return_15,278828,0.000103,0.006571,-0.03,-0.002669,8.2e-05,0.002946,0.03
NVDA_return_30,278828,0.000196,0.008941,-0.03,-0.003771,0.000239,0.004313,0.03
NVDA_volume_norm,278828,1.030786,0.8849,0.05,0.46059,0.766611,1.27646,5.0
NVDA_vwap_norm,278828,1.0,0.0007,0.9836,0.9997,1.0,1.0003,1.0152
AAPL_ema_5,278828,189.98,36.32,122.4,161.97,185.25,221.35,276.1
AAPL_ema_10,278828,189.98,36.32,122.46,161.96,185.26,221.36,275.7
AAPL_ema_20,278828,189.98,36.31,122.56,161.98,185.26,221.36,275.62
AAPL_ema_slope,278828,0.0025,0.2927,-8.4794,-0.1056,0.0062,0.1152,5.9033
AAPL_return_5,278828,1.2e-05,0.002255,-0.03,-0.000852,0.0,0.000884,0.03
AAPL_return_15,278828,3.3e-05,0.003832,-0.03,-0.001471,6e-05,0.001582,0.03
AAPL_return_30,278828,6.3e-05,0.005367,-0.03,-0.002105,0.000125,0.00231,0.03
AAPL_volume_norm,278828,1.023993,0.884865,0.05,0.460566,0.761979,1.261525,5.0
AAPL_vwap_norm,278828,1.0,0.0004,0.9859,0.9998,1.0,1.0002,1.0175
MSFT_ema_5,278828,363.72,90.22,208.39,277.72,373.66,423.73,546.39
MSFT_ema_10,278828,363.71,90.22,208.63,277.75,373.66,423.73,546.03
MSFT_ema_20,278828,363.71,90.22,208.98,277.76,373.69,423.72,545.39
MSFT_ema_slope,278828,0.0041,0.5119,-12.6914,-0.1947,0.0093,0.2057,19.8667
MSFT_return_5,278828,8e-06,0.002134,-0.03,-0.000811,2e-05,0.000835,0.03
MSFT_return_15,278828,2.4e-05,0.003644,-0.03,-0.001424,4.9e-05,0.001488,0.03
MSFT_return_30,278828,4.7e-05,0.005104,-0.03,-0.002055,7.7e-05,0.002169,0.03
MSFT_volume_norm,278828,1.021666,0.923566,0.05,0.42478,0.737847,1.268276,5.0
MSFT_vwap_norm,278828,1.0,0.0003,0.9916,0.9999,1.0,1.0001,1.0112
GOOGL_ema_5,278828,148.47,44.82,82.86,113.74,139.79,172.13,305.86
GOOGL_ema_10,278828,148.47,44.81,82.91,113.74,139.8,172.13,305.57
GOOGL_ema_20,278828,148.46,44.81,83.0,113.74,139.8,172.13,305.18
GOOGL_ema_slope,278828,0.0042,0.284,-8.024,-0.0952,0.0047,0.101,7.6856
GOOGL_return_5,278828,1.6e-05,0.002527,-0.03,-0.000983,0.0,0.001009,0.03
GOOGL_return_15,278828,4.4e-05,0.004304,-0.03,-0.001742,7.4e-05,0.001824,0.03
GOOGL_return_30,278828,8.2e-05,0.006014,-0.03,-0.002532,0.000116,0.002679,0.03
GOOGL_volume_norm,278828,1.024297,0.914375,0.05,0.439669,0.746183,1.263475,5.0
GOOGL_vwap_norm,278828,1.0,0.0004,0.9901,0.9998,1.0,1.0002,1.012
AMZN_ema_5,278828,161.66,46.41,81.67,122.53,160.15,202.37,257.07
AMZN_ema_10,278828,161.65,46.41,81.77,122.53,160.16,202.38,256.71
AMZN_ema_20,278828,161.65,46.41,81.81,122.53,160.14,202.35,256.58
AMZN_ema_slope,278828,0.0014,0.3293,-8.4834,-0.1136,0.0044,0.1184,11.6818
AMZN_return_5,278828,7e-06,0.0028,-0.03,-0.001082,0.0,0.001103,0.03
AMZN_return_15,278828,1.9e-05,0.004765,-0.03,-0.00191,5.2e-05,0.001966,0.03
AMZN_return_30,278828,3.9e-05,0.006622,-0.03,-0.002739,9.7e-05,0.002889,0.03
AMZN_volume_norm,278828,1.025204,0.895211,0.05,0.450959,0.758774,1.268251,5.0
AMZN_vwap_norm,278828,1.0,0.0005,0.9822,0.9998,1.0,1.0002,1.0114
corr_QQQ_NVDA_15,278828,0.7181,0.2656,-0.9849,0.6266,0.8033,0.901,0.9997
corr_QQQ_AAPL_15,278828,0.6555,0.3338,-0.9896,0.5298,0.7705,0.8947,0.9996
corr_QQQ_MSFT_15,278828,0.6864,0.3004,-0.9883,0.5773,0.789,0.8976,0.9997
corr_QQQ_GOOGL_15,278828,0.6368,0.3298,-0.9926,0.498,0.7453,0.8792,0.9995
corr_QQQ_AMZN_15,278828,0.6756,0.305,-0.9625,0.5615,0.7786,0.8923,0.9997
relative_strength,278828,-0.0,0.0009,-0.0404,-0.0003,-0.0,0.0003,0.0306
momentum_leader,278828,2.2169,1.4894,0.0,1.0,2.0,4.0,4.0
divergence_NVDA_QQQ_5,278828,0.0,0.0032,-0.0965,-0.0011,0.0,0.0011,0.23
divergence_AAPL_QQQ_5,278828,0.0,0.0016,-0.0589,-0.0006,0.0,0.0006,0.0581
divergence_MSFT_QQQ_5,278828,0.0,0.0015,-0.0661,-0.0005,-0.0,0.0005,0.0898
divergence_GOOGL_QQQ_5,278828,0.0,0.002,-0.0782,-0.0007,0.0,0.0007,0.1045
divergence_AMZN_QQQ_5,278828,0.0,0.0022,-0.1069,-0.0007,-0.0,0.0007,0.1073
momentum_spread_5,278828,0.0014,0.0017,0.0,0.0007,0.001,0.0016,0.107
tech_unanimity,278828,0.7501,0.2469,0.0,0.6,0.8,1.0,1.0
max_divergence,278828,0.0025,0.0033,0.0001,0.0012,0.0018,0.0028,0.23
nvda_volume_anomaly,278828,1.055288,1.046399,0.010758,0.46059,0.766611,1.27646,28.010333
low_corr_regime,278828,0.1568,0.3636,0.0,0.0,0.0,0.0,1.0
target_5m,278828,0.0,0.0019,-0.0534,-0.0007,0.0,0.0007,0.0513
target_15m,278828,0.0,0.0033,-0.052,-0.0012,0.0001,0.0013,0.0686
target_30m,278828,0.0001,0.0047,-0.0617,-0.0017,0.0002,0.0019,0.0852
